arm,canonical_residue,target_chain_label,source_model,notes
A,126,126,human_4ig_afdb_v6_oriented,"same canonical numbering in prepared target chain"
A,127,127,human_4ig_afdb_v6_oriented,"same canonical numbering in prepared target chain"
A,128,128,human_4ig_afdb_v6_oriented,"same canonical numbering in prepared target chain"
A,129,129,human_4ig_afdb_v6_oriented,"same canonical numbering in prepared target chain"
B,228,228,human_4ig_afdb_v6_oriented,"same canonical numbering in prepared target chain"
B,229,229,human_4ig_afdb_v6_oriented,"same canonical numbering in prepared target chain"
B,232,232,human_4ig_afdb_v6_oriented,"same canonical numbering in prepared target chain"
B,234,234,human_4ig_afdb_v6_oriented,"same canonical numbering in prepared target chain"
B,236,236,human_4ig_afdb_v6_oriented,"same canonical numbering in prepared target chain"
B,238,238,human_4ig_afdb_v6_oriented,"same canonical numbering in prepared target chain"
B,240,240,human_4ig_afdb_v6_oriented,"same canonical numbering in prepared target chain"
B,241,241,human_4ig_afdb_v6_oriented,"same canonical numbering in prepared target chain"
