file	arm	rf2_task	min_hl_t_angstrom	contacts_lt_4_5	selected_epitope_contacts	selected_epitope_residues	target_contact_residues	antibody_chains_with_contacts	control_gate
/scratch/ghaedi/mab/rfantibody_b7h3_rf2_20260926/A/task_265/ab_0_dldesign_1_best.pdb	A	265	3.376720894595822	14	3	127,128,129	3	H,L	PASS
/scratch/ghaedi/mab/rfantibody_b7h3_rf2_20260926/A/task_43/ab_0_dldesign_2_best.pdb	A	43	3.200243428241047	17	3	127,128,129	3	H,L	PASS
/scratch/ghaedi/mab/rfantibody_b7h3_rf2_20260926/A/task_86/ab_0_dldesign_0_best.pdb	A	86	3.6445028467542753	19	2	126,127	3	L	PASS
/scratch/ghaedi/mab/rfantibody_b7h3_rf2_20260926/A/task_12/ab_0_dldesign_2_best.pdb	A	12	3.169568109380204	12	2	128,129	3	H,L	PASS
/scratch/ghaedi/mab/rfantibody_b7h3_rf2_20260926/A/task_149/ab_0_dldesign_0_best.pdb	A	149	3.7120014816807387	12	1	129	4	H,L	PASS
/scratch/ghaedi/mab/rfantibody_b7h3_rf2_20260926/A/task_275/ab_0_dldesign_1_best.pdb	A	275	3.5865154398106247	10	1	127	4	H,L	PASS
/scratch/ghaedi/mab/rfantibody_b7h3_rf2_20260926/A/task_135/ab_0_dldesign_3_best.pdb	A	135	3.488732434567031	13	1	127	4	H,L	PASS
/scratch/ghaedi/mab/rfantibody_b7h3_rf2_20260926/A/task_229/ab_0_dldesign_3_best.pdb	A	229	3.1938919831453285	13	1	129	3	L	PASS
/scratch/ghaedi/mab/rfantibody_b7h3_rf2_20260926/A/task_205/ab_0_dldesign_3_best.pdb	A	205	4.197101261585191	6	1	129	2	L	PASS
/scratch/ghaedi/mab/rfantibody_b7h3_rf2_20260926/A/task_126/ab_0_dldesign_2_best.pdb	A	126	4.192226138938596	4	1	127	2	H	PASS
/scratch/ghaedi/mab/rfantibody_b7h3_rf2_20260926/A/task_156/ab_0_dldesign_1_best.pdb	A	156	3.934821724042908	1	1	127	1	L	PASS
/scratch/ghaedi/mab/rfantibody_b7h3_rf2_20260926/A/task_204/ab_0_dldesign_3_best.pdb	A	204	3.9622802778198314	10	0	-	4	H,L	PASS
/scratch/ghaedi/mab/rfantibody_b7h3_rf2_20260926/A/task_82/ab_0_dldesign_1_best.pdb	A	82	3.4773855121340804	10	0	-	4	H,L	PASS
/scratch/ghaedi/mab/rfantibody_b7h3_rf2_20260926/A/task_154/ab_0_dldesign_0_best.pdb	A	154	3.3223882975955705	32	0	-	4	H,L	PASS
/scratch/ghaedi/mab/rfantibody_b7h3_rf2_20260926/A/task_89/ab_0_dldesign_3_best.pdb	A	89	3.96231775606147	3	0	-	3	H	PASS
/scratch/ghaedi/mab/rfantibody_b7h3_rf2_20260926/A/task_186/ab_0_dldesign_3_best.pdb	A	186	3.507979617956753	7	0	-	3	H	PASS
/scratch/ghaedi/mab/rfantibody_b7h3_rf2_20260926/A/task_98/ab_0_dldesign_2_best.pdb	A	98	3.447255575091583	18	0	-	3	H,L	PASS
/scratch/ghaedi/mab/rfantibody_b7h3_rf2_20260926/A/task_232/ab_0_dldesign_0_best.pdb	A	232	3.2969775552769542	21	0	-	3	H,L	PASS
/scratch/ghaedi/mab/rfantibody_b7h3_rf2_20260926/A/task_269/ab_0_dldesign_2_best.pdb	A	269	3.1814845591327345	25	0	-	3	H	PASS
/scratch/ghaedi/mab/rfantibody_b7h3_rf2_20260926/A/task_20/ab_0_dldesign_1_best.pdb	A	20	3.169098452241584	17	0	-	3	H	PASS
/scratch/ghaedi/mab/rfantibody_b7h3_rf2_20260926/A/task_217/ab_0_dldesign_0_best.pdb	A	217	4.446396406079872	2	0	-	2	H,L	PASS
/scratch/ghaedi/mab/rfantibody_b7h3_rf2_20260926/A/task_162/ab_0_dldesign_0_best.pdb	A	162	3.8730609341966202	5	0	-	2	H,L	PASS
/scratch/ghaedi/mab/rfantibody_b7h3_rf2_20260926/A/task_174/ab_0_dldesign_2_best.pdb	A	174	3.796273172467967	6	0	-	2	L	PASS
/scratch/ghaedi/mab/rfantibody_b7h3_rf2_20260926/A/task_106/ab_0_dldesign_2_best.pdb	A	106	3.7615629730206552	3	0	-	2	H	PASS
/scratch/ghaedi/mab/rfantibody_b7h3_rf2_20260926/A/task_141/ab_0_dldesign_0_best.pdb	A	141	3.7012743751308146	6	0	-	2	L	PASS
/scratch/ghaedi/mab/rfantibody_b7h3_rf2_20260926/A/task_283/ab_0_dldesign_0_best.pdb	A	283	3.6411892288097314	6	0	-	2	L	PASS
/scratch/ghaedi/mab/rfantibody_b7h3_rf2_20260926/A/task_185/ab_0_dldesign_3_best.pdb	A	185	3.6366340206295162	6	0	-	2	L	PASS
/scratch/ghaedi/mab/rfantibody_b7h3_rf2_20260926/A/task_112/ab_0_dldesign_0_best.pdb	A	112	3.4929237037187075	13	0	-	2	H,L	PASS
/scratch/ghaedi/mab/rfantibody_b7h3_rf2_20260926/A/task_78/ab_0_dldesign_2_best.pdb	A	78	3.4817209825027633	4	0	-	2	L	PASS
/scratch/ghaedi/mab/rfantibody_b7h3_rf2_20260926/A/task_178/ab_0_dldesign_3_best.pdb	A	178	3.2902082000991966	2	0	-	2	H,L	PASS
/scratch/ghaedi/mab/rfantibody_b7h3_rf2_20260926/A/task_9/ab_0_dldesign_3_best.pdb	A	9	4.436512368967318	1	0	-	1	H	PASS
/scratch/ghaedi/mab/rfantibody_b7h3_rf2_20260926/A/task_116/ab_0_dldesign_3_best.pdb	A	116	4.070305393947734	3	0	-	1	H	PASS
/scratch/ghaedi/mab/rfantibody_b7h3_rf2_20260926/A/task_222/ab_0_dldesign_0_best.pdb	A	222	3.8005744302670887	1	0	-	1	H	PASS
/scratch/ghaedi/mab/rfantibody_b7h3_rf2_20260926/A/task_60/ab_0_dldesign_1_best.pdb	A	60	3.728858002123438	4	0	-	1	L	PASS
/scratch/ghaedi/mab/rfantibody_b7h3_rf2_20260926/A/task_160/ab_0_dldesign_2_best.pdb	A	160	3.5019431748673466	5	0	-	1	L	PASS
/scratch/ghaedi/mab/rfantibody_b7h3_rf2_20260926/A/task_108/ab_0_dldesign_1_best.pdb	A	108	5.064679555509903	0	0	-	0	-	PASS
/scratch/ghaedi/mab/rfantibody_b7h3_rf2_20260926/A/task_30/ab_0_dldesign_1_best.pdb	A	30	4.807879470203051	0	0	-	0	-	PASS
/scratch/ghaedi/mab/rfantibody_b7h3_rf2_20260926/A/task_273/ab_0_dldesign_0_best.pdb	A	273	4.7878551565393055	0	0	-	0	-	PASS
/scratch/ghaedi/mab/rfantibody_b7h3_rf2_20260926/A/task_246/ab_0_dldesign_1_best.pdb	A	246	4.641760980490054	0	0	-	0	-	PASS
/scratch/ghaedi/mab/rfantibody_b7h3_rf2_20260926/A/task_73/ab_0_dldesign_1_best.pdb	A	73	4.620760218838455	0	0	-	0	-	PASS
