file	arm	target_output_range	target_contact_residues	selected_epitope_contacts	selected_epitope_residues	antibody_chains_with_contacts
/scratch/ghaedi/mab/rfantibody_b7h3_rf2_20260926/B/task_10/ab_0_dldesign_2_best.pdb	B	224-317	2	2	228,232	H,L
/scratch/ghaedi/mab/rfantibody_b7h3_rf2_20260926/B/task_101/ab_0_dldesign_2_best.pdb	B	224-317	5	2	229,232	H,L
/scratch/ghaedi/mab/rfantibody_b7h3_rf2_20260926/B/task_105/ab_0_dldesign_0_best.pdb	B	227-320	7	2	238,240	H,L
/scratch/ghaedi/mab/rfantibody_b7h3_rf2_20260926/B/task_109/ab_0_dldesign_1_best.pdb	B	225-318	8	1	232	L
/scratch/ghaedi/mab/rfantibody_b7h3_rf2_20260926/B/task_110/ab_0_dldesign_3_best.pdb	B	227-320	6	0	-	H,L
/scratch/ghaedi/mab/rfantibody_b7h3_rf2_20260926/B/task_112/ab_0_dldesign_0_best.pdb	B	223-316	10	3	232,234,240	H,L
/scratch/ghaedi/mab/rfantibody_b7h3_rf2_20260926/B/task_112/ab_0_dldesign_3_best.pdb	B	223-316	10	4	228,229,232,234	H,L
/scratch/ghaedi/mab/rfantibody_b7h3_rf2_20260926/B/task_114/ab_0_dldesign_1_best.pdb	B	234-327	1	1	232	H
/scratch/ghaedi/mab/rfantibody_b7h3_rf2_20260926/B/task_116/ab_0_dldesign_1_best.pdb	B	222-315	13	2	232,234	H,L
/scratch/ghaedi/mab/rfantibody_b7h3_rf2_20260926/B/task_116/ab_0_dldesign_3_best.pdb	B	222-315	10	5	232,234,236,238,241	H,L
/scratch/ghaedi/mab/rfantibody_b7h3_rf2_20260926/B/task_122/ab_0_dldesign_3_best.pdb	B	223-316	3	0	-	L
/scratch/ghaedi/mab/rfantibody_b7h3_rf2_20260926/B/task_124/ab_0_dldesign_2_best.pdb	B	227-320	0	0	-	-
/scratch/ghaedi/mab/rfantibody_b7h3_rf2_20260926/B/task_127/ab_0_dldesign_3_best.pdb	B	229-322	5	1	234	H
/scratch/ghaedi/mab/rfantibody_b7h3_rf2_20260926/B/task_128/ab_0_dldesign_0_best.pdb	B	223-316	4	2	228,229	H,L
/scratch/ghaedi/mab/rfantibody_b7h3_rf2_20260926/B/task_131/ab_0_dldesign_1_best.pdb	B	224-317	4	4	232,234,236,238	H,L
/scratch/ghaedi/mab/rfantibody_b7h3_rf2_20260926/B/task_135/ab_0_dldesign_1_best.pdb	B	225-318	5	3	236,238,241	H
/scratch/ghaedi/mab/rfantibody_b7h3_rf2_20260926/B/task_136/ab_0_dldesign_3_best.pdb	B	230-323	9	4	228,232,234,236	H,L
/scratch/ghaedi/mab/rfantibody_b7h3_rf2_20260926/B/task_138/ab_0_dldesign_1_best.pdb	B	224-317	5	3	236,238,241	H,L
/scratch/ghaedi/mab/rfantibody_b7h3_rf2_20260926/B/task_151/ab_0_dldesign_2_best.pdb	B	229-322	7	4	229,232,234,236	H,L
/scratch/ghaedi/mab/rfantibody_b7h3_rf2_20260926/B/task_152/ab_0_dldesign_0_best.pdb	B	224-317	6	2	232,236	H,L
/scratch/ghaedi/mab/rfantibody_b7h3_rf2_20260926/B/task_154/ab_0_dldesign_1_best.pdb	B	231-324	5	3	229,232,234	L
/scratch/ghaedi/mab/rfantibody_b7h3_rf2_20260926/B/task_155/ab_0_dldesign_0_best.pdb	B	224-317	3	0	-	H,L
/scratch/ghaedi/mab/rfantibody_b7h3_rf2_20260926/B/task_158/ab_0_dldesign_1_best.pdb	B	232-325	6	1	232	H,L
/scratch/ghaedi/mab/rfantibody_b7h3_rf2_20260926/B/task_158/ab_0_dldesign_3_best.pdb	B	232-325	0	0	-	-
/scratch/ghaedi/mab/rfantibody_b7h3_rf2_20260926/B/task_160/ab_0_dldesign_1_best.pdb	B	233-326	4	2	236,238	H,L
/scratch/ghaedi/mab/rfantibody_b7h3_rf2_20260926/B/task_161/ab_0_dldesign_2_best.pdb	B	226-319	10	2	229,232	H,L
/scratch/ghaedi/mab/rfantibody_b7h3_rf2_20260926/B/task_162/ab_0_dldesign_0_best.pdb	B	226-319	3	1	232	H,L
/scratch/ghaedi/mab/rfantibody_b7h3_rf2_20260926/B/task_162/ab_0_dldesign_2_best.pdb	B	226-319	5	1	229	H,L
/scratch/ghaedi/mab/rfantibody_b7h3_rf2_20260926/B/task_164/ab_0_dldesign_0_best.pdb	B	229-322	5	0	-	H,L
/scratch/ghaedi/mab/rfantibody_b7h3_rf2_20260926/B/task_166/ab_0_dldesign_1_best.pdb	B	229-322	6	3	228,232,236	H,L
/scratch/ghaedi/mab/rfantibody_b7h3_rf2_20260926/B/task_167/ab_0_dldesign_1_best.pdb	B	222-315	16	3	232,234,236	H,L
/scratch/ghaedi/mab/rfantibody_b7h3_rf2_20260926/B/task_171/ab_0_dldesign_1_best.pdb	B	227-320	9	4	232,234,236,238	H,L
/scratch/ghaedi/mab/rfantibody_b7h3_rf2_20260926/B/task_171/ab_0_dldesign_3_best.pdb	B	227-320	4	3	234,236,238	H,L
/scratch/ghaedi/mab/rfantibody_b7h3_rf2_20260926/B/task_172/ab_0_dldesign_1_best.pdb	B	223-316	13	5	229,232,234,236,238	H,L
/scratch/ghaedi/mab/rfantibody_b7h3_rf2_20260926/B/task_174/ab_0_dldesign_0_best.pdb	B	223-316	7	4	234,236,238,241	H
/scratch/ghaedi/mab/rfantibody_b7h3_rf2_20260926/B/task_175/ab_0_dldesign_0_best.pdb	B	225-318	3	1	234	H
/scratch/ghaedi/mab/rfantibody_b7h3_rf2_20260926/B/task_175/ab_0_dldesign_1_best.pdb	B	225-318	3	0	-	L
/scratch/ghaedi/mab/rfantibody_b7h3_rf2_20260926/B/task_175/ab_0_dldesign_2_best.pdb	B	225-318	1	1	232	L
/scratch/ghaedi/mab/rfantibody_b7h3_rf2_20260926/B/task_175/ab_0_dldesign_3_best.pdb	B	225-318	5	3	232,234,236	H,L
/scratch/ghaedi/mab/rfantibody_b7h3_rf2_20260926/B/task_178/ab_0_dldesign_2_best.pdb	B	230-323	6	3	232,234,236	H,L
/scratch/ghaedi/mab/rfantibody_b7h3_rf2_20260926/B/task_179/ab_0_dldesign_3_best.pdb	B	229-322	9	5	232,234,236,238,241	H,L
/scratch/ghaedi/mab/rfantibody_b7h3_rf2_20260926/B/task_182/ab_0_dldesign_2_best.pdb	B	232-325	9	2	236,240	H,L
/scratch/ghaedi/mab/rfantibody_b7h3_rf2_20260926/B/task_184/ab_0_dldesign_2_best.pdb	B	228-321	5	3	238,240,241	H,L
/scratch/ghaedi/mab/rfantibody_b7h3_rf2_20260926/B/task_185/ab_0_dldesign_3_best.pdb	B	228-321	7	3	234,238,240	H,L
/scratch/ghaedi/mab/rfantibody_b7h3_rf2_20260926/B/task_186/ab_0_dldesign_2_best.pdb	B	225-318	5	2	232,236	H,L
/scratch/ghaedi/mab/rfantibody_b7h3_rf2_20260926/B/task_190/ab_0_dldesign_1_best.pdb	B	226-319	6	3	236,238,241	H,L
/scratch/ghaedi/mab/rfantibody_b7h3_rf2_20260926/B/task_191/ab_0_dldesign_3_best.pdb	B	230-323	2	0	-	H
/scratch/ghaedi/mab/rfantibody_b7h3_rf2_20260926/B/task_192/ab_0_dldesign_2_best.pdb	B	222-315	4	0	-	H
/scratch/ghaedi/mab/rfantibody_b7h3_rf2_20260926/B/task_194/ab_0_dldesign_0_best.pdb	B	229-322	8	3	229,232,236	H,L
/scratch/ghaedi/mab/rfantibody_b7h3_rf2_20260926/B/task_194/ab_0_dldesign_2_best.pdb	B	229-322	10	5	229,232,234,236,238	H,L
/scratch/ghaedi/mab/rfantibody_b7h3_rf2_20260926/B/task_197/ab_0_dldesign_2_best.pdb	B	225-318	9	5	232,234,236,238,241	H,L
/scratch/ghaedi/mab/rfantibody_b7h3_rf2_20260926/B/task_20/ab_0_dldesign_3_best.pdb	B	227-320	4	2	234,238	H,L
/scratch/ghaedi/mab/rfantibody_b7h3_rf2_20260926/B/task_200/ab_0_dldesign_3_best.pdb	B	228-321	9	4	234,236,238,241	H,L
/scratch/ghaedi/mab/rfantibody_b7h3_rf2_20260926/B/task_205/ab_0_dldesign_2_best.pdb	B	227-320	3	2	229,232	L
/scratch/ghaedi/mab/rfantibody_b7h3_rf2_20260926/B/task_208/ab_0_dldesign_3_best.pdb	B	224-317	4	2	229,232	H,L
/scratch/ghaedi/mab/rfantibody_b7h3_rf2_20260926/B/task_209/ab_0_dldesign_1_best.pdb	B	224-317	2	0	-	H
/scratch/ghaedi/mab/rfantibody_b7h3_rf2_20260926/B/task_210/ab_0_dldesign_0_best.pdb	B	223-316	4	2	228,229	L
/scratch/ghaedi/mab/rfantibody_b7h3_rf2_20260926/B/task_211/ab_0_dldesign_0_best.pdb	B	229-322	4	2	229,232	L
/scratch/ghaedi/mab/rfantibody_b7h3_rf2_20260926/B/task_214/ab_0_dldesign_3_best.pdb	B	232-325	3	2	234,240	H,L
/scratch/ghaedi/mab/rfantibody_b7h3_rf2_20260926/B/task_215/ab_0_dldesign_3_best.pdb	B	229-322	7	3	232,234,236	H,L
/scratch/ghaedi/mab/rfantibody_b7h3_rf2_20260926/B/task_217/ab_0_dldesign_1_best.pdb	B	228-321	1	0	-	H
/scratch/ghaedi/mab/rfantibody_b7h3_rf2_20260926/B/task_223/ab_0_dldesign_2_best.pdb	B	232-325	9	4	229,232,234,236	H,L
/scratch/ghaedi/mab/rfantibody_b7h3_rf2_20260926/B/task_224/ab_0_dldesign_1_best.pdb	B	222-315	6	2	229,232	H,L
/scratch/ghaedi/mab/rfantibody_b7h3_rf2_20260926/B/task_226/ab_0_dldesign_0_best.pdb	B	226-319	0	0	-	-
/scratch/ghaedi/mab/rfantibody_b7h3_rf2_20260926/B/task_227/ab_0_dldesign_2_best.pdb	B	224-317	5	1	232	L
/scratch/ghaedi/mab/rfantibody_b7h3_rf2_20260926/B/task_228/ab_0_dldesign_3_best.pdb	B	225-318	8	3	232,234,236	H,L
/scratch/ghaedi/mab/rfantibody_b7h3_rf2_20260926/B/task_23/ab_0_dldesign_0_best.pdb	B	229-322	3	0	-	L
/scratch/ghaedi/mab/rfantibody_b7h3_rf2_20260926/B/task_23/ab_0_dldesign_2_best.pdb	B	229-322	5	3	228,229,232	H,L
/scratch/ghaedi/mab/rfantibody_b7h3_rf2_20260926/B/task_230/ab_0_dldesign_0_best.pdb	B	223-316	6	3	234,236,241	H,L
/scratch/ghaedi/mab/rfantibody_b7h3_rf2_20260926/B/task_230/ab_0_dldesign_1_best.pdb	B	223-316	8	5	228,229,232,234,236	H,L
/scratch/ghaedi/mab/rfantibody_b7h3_rf2_20260926/B/task_231/ab_0_dldesign_1_best.pdb	B	227-320	5	1	229	H,L
/scratch/ghaedi/mab/rfantibody_b7h3_rf2_20260926/B/task_231/ab_0_dldesign_3_best.pdb	B	227-320	4	0	-	H,L
/scratch/ghaedi/mab/rfantibody_b7h3_rf2_20260926/B/task_233/ab_0_dldesign_2_best.pdb	B	230-323	4	2	232,234	H,L
/scratch/ghaedi/mab/rfantibody_b7h3_rf2_20260926/B/task_233/ab_0_dldesign_3_best.pdb	B	230-323	8	4	232,234,236,241	H,L
/scratch/ghaedi/mab/rfantibody_b7h3_rf2_20260926/B/task_234/ab_0_dldesign_0_best.pdb	B	231-324	1	1	229	H
/scratch/ghaedi/mab/rfantibody_b7h3_rf2_20260926/B/task_235/ab_0_dldesign_0_best.pdb	B	224-317	4	3	229,232,234	H,L
/scratch/ghaedi/mab/rfantibody_b7h3_rf2_20260926/B/task_235/ab_0_dldesign_2_best.pdb	B	224-317	6	4	228,229,232,234	H,L
/scratch/ghaedi/mab/rfantibody_b7h3_rf2_20260926/B/task_24/ab_0_dldesign_2_best.pdb	B	222-315	2	2	234,240	H,L
/scratch/ghaedi/mab/rfantibody_b7h3_rf2_20260926/B/task_241/ab_0_dldesign_1_best.pdb	B	228-321	3	1	240	H,L
/scratch/ghaedi/mab/rfantibody_b7h3_rf2_20260926/B/task_242/ab_0_dldesign_2_best.pdb	B	224-317	1	1	229	H
/scratch/ghaedi/mab/rfantibody_b7h3_rf2_20260926/B/task_243/ab_0_dldesign_2_best.pdb	B	227-320	7	5	232,234,236,238,240	H,L
/scratch/ghaedi/mab/rfantibody_b7h3_rf2_20260926/B/task_244/ab_0_dldesign_3_best.pdb	B	223-316	3	2	232,234	H,L
/scratch/ghaedi/mab/rfantibody_b7h3_rf2_20260926/B/task_248/ab_0_dldesign_0_best.pdb	B	229-322	12	5	228,229,232,234,236	H,L
/scratch/ghaedi/mab/rfantibody_b7h3_rf2_20260926/B/task_25/ab_0_dldesign_3_best.pdb	B	229-322	5	1	229	H,L
/scratch/ghaedi/mab/rfantibody_b7h3_rf2_20260926/B/task_251/ab_0_dldesign_1_best.pdb	B	224-317	9	3	236,238,241	H,L
/scratch/ghaedi/mab/rfantibody_b7h3_rf2_20260926/B/task_251/ab_0_dldesign_2_best.pdb	B	224-317	1	1	232	L
/scratch/ghaedi/mab/rfantibody_b7h3_rf2_20260926/B/task_252/ab_0_dldesign_1_best.pdb	B	230-323	0	0	-	-
/scratch/ghaedi/mab/rfantibody_b7h3_rf2_20260926/B/task_252/ab_0_dldesign_2_best.pdb	B	230-323	5	4	232,234,236,238	H,L
/scratch/ghaedi/mab/rfantibody_b7h3_rf2_20260926/B/task_253/ab_0_dldesign_1_best.pdb	B	230-323	4	3	238,240,241	H,L
/scratch/ghaedi/mab/rfantibody_b7h3_rf2_20260926/B/task_254/ab_0_dldesign_3_best.pdb	B	230-323	4	3	229,232,234	H
/scratch/ghaedi/mab/rfantibody_b7h3_rf2_20260926/B/task_255/ab_0_dldesign_1_best.pdb	B	227-320	4	1	234	H,L
/scratch/ghaedi/mab/rfantibody_b7h3_rf2_20260926/B/task_257/ab_0_dldesign_2_best.pdb	B	228-321	8	2	228,232	H,L
/scratch/ghaedi/mab/rfantibody_b7h3_rf2_20260926/B/task_259/ab_0_dldesign_1_best.pdb	B	225-318	2	1	229	H
/scratch/ghaedi/mab/rfantibody_b7h3_rf2_20260926/B/task_260/ab_0_dldesign_3_best.pdb	B	224-317	3	0	-	L
/scratch/ghaedi/mab/rfantibody_b7h3_rf2_20260926/B/task_261/ab_0_dldesign_0_best.pdb	B	233-326	9	2	232,234	H,L
/scratch/ghaedi/mab/rfantibody_b7h3_rf2_20260926/B/task_262/ab_0_dldesign_2_best.pdb	B	229-322	3	1	229	L
/scratch/ghaedi/mab/rfantibody_b7h3_rf2_20260926/B/task_263/ab_0_dldesign_3_best.pdb	B	226-319	6	1	232	L
/scratch/ghaedi/mab/rfantibody_b7h3_rf2_20260926/B/task_264/ab_0_dldesign_2_best.pdb	B	224-317	3	0	-	L
/scratch/ghaedi/mab/rfantibody_b7h3_rf2_20260926/B/task_266/ab_0_dldesign_3_best.pdb	B	231-324	6	4	232,234,236,238	H,L
/scratch/ghaedi/mab/rfantibody_b7h3_rf2_20260926/B/task_267/ab_0_dldesign_3_best.pdb	B	227-320	7	3	236,238,241	H,L
/scratch/ghaedi/mab/rfantibody_b7h3_rf2_20260926/B/task_269/ab_0_dldesign_1_best.pdb	B	227-320	4	1	241	H,L
/scratch/ghaedi/mab/rfantibody_b7h3_rf2_20260926/B/task_271/ab_0_dldesign_3_best.pdb	B	226-319	4	3	232,234,236	H,L
/scratch/ghaedi/mab/rfantibody_b7h3_rf2_20260926/B/task_272/ab_0_dldesign_3_best.pdb	B	224-317	3	1	232	H,L
/scratch/ghaedi/mab/rfantibody_b7h3_rf2_20260926/B/task_274/ab_0_dldesign_0_best.pdb	B	226-319	3	3	236,238,240	H
/scratch/ghaedi/mab/rfantibody_b7h3_rf2_20260926/B/task_275/ab_0_dldesign_0_best.pdb	B	225-318	10	6	228,229,232,234,236,241	H,L
/scratch/ghaedi/mab/rfantibody_b7h3_rf2_20260926/B/task_275/ab_0_dldesign_2_best.pdb	B	225-318	0	0	-	-
/scratch/ghaedi/mab/rfantibody_b7h3_rf2_20260926/B/task_275/ab_0_dldesign_3_best.pdb	B	225-318	3	1	241	H
/scratch/ghaedi/mab/rfantibody_b7h3_rf2_20260926/B/task_279/ab_0_dldesign_3_best.pdb	B	225-318	3	2	238,240	H,L
/scratch/ghaedi/mab/rfantibody_b7h3_rf2_20260926/B/task_28/ab_0_dldesign_2_best.pdb	B	221-314	8	1	241	H,L
/scratch/ghaedi/mab/rfantibody_b7h3_rf2_20260926/B/task_28/ab_0_dldesign_3_best.pdb	B	221-314	4	1	232	H,L
/scratch/ghaedi/mab/rfantibody_b7h3_rf2_20260926/B/task_280/ab_0_dldesign_3_best.pdb	B	227-320	7	2	229,232	H,L
/scratch/ghaedi/mab/rfantibody_b7h3_rf2_20260926/B/task_281/ab_0_dldesign_1_best.pdb	B	228-321	7	3	232,234,236	H,L
/scratch/ghaedi/mab/rfantibody_b7h3_rf2_20260926/B/task_282/ab_0_dldesign_1_best.pdb	B	227-320	0	0	-	-
/scratch/ghaedi/mab/rfantibody_b7h3_rf2_20260926/B/task_282/ab_0_dldesign_3_best.pdb	B	227-320	5	0	-	L
/scratch/ghaedi/mab/rfantibody_b7h3_rf2_20260926/B/task_285/ab_0_dldesign_0_best.pdb	B	223-316	6	1	240	H,L
/scratch/ghaedi/mab/rfantibody_b7h3_rf2_20260926/B/task_286/ab_0_dldesign_1_best.pdb	B	231-324	1	0	-	H
/scratch/ghaedi/mab/rfantibody_b7h3_rf2_20260926/B/task_288/ab_0_dldesign_0_best.pdb	B	225-318	6	3	232,234,236	H,L
/scratch/ghaedi/mab/rfantibody_b7h3_rf2_20260926/B/task_292/ab_0_dldesign_1_best.pdb	B	221-314	4	2	236,241	H,L
/scratch/ghaedi/mab/rfantibody_b7h3_rf2_20260926/B/task_294/ab_0_dldesign_1_best.pdb	B	223-316	8	3	228,229,232	H,L
/scratch/ghaedi/mab/rfantibody_b7h3_rf2_20260926/B/task_298/ab_0_dldesign_1_best.pdb	B	224-317	8	2	228,229	H,L
/scratch/ghaedi/mab/rfantibody_b7h3_rf2_20260926/B/task_299/ab_0_dldesign_2_best.pdb	B	228-321	7	3	228,229,232	H,L
/scratch/ghaedi/mab/rfantibody_b7h3_rf2_20260926/B/task_30/ab_0_dldesign_0_best.pdb	B	231-324	7	1	240	H,L
/scratch/ghaedi/mab/rfantibody_b7h3_rf2_20260926/B/task_31/ab_0_dldesign_2_best.pdb	B	230-323	6	4	229,232,234,236	H,L
/scratch/ghaedi/mab/rfantibody_b7h3_rf2_20260926/B/task_38/ab_0_dldesign_1_best.pdb	B	233-326	7	3	232,234,236	H,L
/scratch/ghaedi/mab/rfantibody_b7h3_rf2_20260926/B/task_49/ab_0_dldesign_3_best.pdb	B	222-315	0	0	-	-
/scratch/ghaedi/mab/rfantibody_b7h3_rf2_20260926/B/task_5/ab_0_dldesign_2_best.pdb	B	231-324	6	2	229,232	H,L
/scratch/ghaedi/mab/rfantibody_b7h3_rf2_20260926/B/task_50/ab_0_dldesign_0_best.pdb	B	224-317	4	2	229,232	L
/scratch/ghaedi/mab/rfantibody_b7h3_rf2_20260926/B/task_50/ab_0_dldesign_2_best.pdb	B	224-317	6	4	229,232,234,236	H,L
/scratch/ghaedi/mab/rfantibody_b7h3_rf2_20260926/B/task_52/ab_0_dldesign_0_best.pdb	B	228-321	11	5	228,229,232,234,236	H,L
/scratch/ghaedi/mab/rfantibody_b7h3_rf2_20260926/B/task_52/ab_0_dldesign_2_best.pdb	B	228-321	5	4	232,236,238,241	H,L
/scratch/ghaedi/mab/rfantibody_b7h3_rf2_20260926/B/task_52/ab_0_dldesign_3_best.pdb	B	228-321	11	5	228,229,232,234,236	H,L
/scratch/ghaedi/mab/rfantibody_b7h3_rf2_20260926/B/task_53/ab_0_dldesign_1_best.pdb	B	229-322	1	0	-	H
/scratch/ghaedi/mab/rfantibody_b7h3_rf2_20260926/B/task_58/ab_0_dldesign_2_best.pdb	B	223-316	3	3	229,232,236	H,L
/scratch/ghaedi/mab/rfantibody_b7h3_rf2_20260926/B/task_63/ab_0_dldesign_1_best.pdb	B	233-326	10	4	228,229,232,234	H,L
/scratch/ghaedi/mab/rfantibody_b7h3_rf2_20260926/B/task_63/ab_0_dldesign_3_best.pdb	B	233-326	3	2	232,236	H,L
/scratch/ghaedi/mab/rfantibody_b7h3_rf2_20260926/B/task_64/ab_0_dldesign_0_best.pdb	B	230-323	6	1	232	H,L
/scratch/ghaedi/mab/rfantibody_b7h3_rf2_20260926/B/task_64/ab_0_dldesign_1_best.pdb	B	230-323	9	4	229,232,234,236	H,L
/scratch/ghaedi/mab/rfantibody_b7h3_rf2_20260926/B/task_64/ab_0_dldesign_2_best.pdb	B	230-323	4	2	232,236	H,L
/scratch/ghaedi/mab/rfantibody_b7h3_rf2_20260926/B/task_65/ab_0_dldesign_1_best.pdb	B	229-322	7	0	-	H,L
/scratch/ghaedi/mab/rfantibody_b7h3_rf2_20260926/B/task_65/ab_0_dldesign_3_best.pdb	B	229-322	4	3	229,232,234	H
/scratch/ghaedi/mab/rfantibody_b7h3_rf2_20260926/B/task_66/ab_0_dldesign_2_best.pdb	B	228-321	8	4	234,236,238,241	H,L
/scratch/ghaedi/mab/rfantibody_b7h3_rf2_20260926/B/task_67/ab_0_dldesign_3_best.pdb	B	225-318	6	3	229,232,234	H,L
/scratch/ghaedi/mab/rfantibody_b7h3_rf2_20260926/B/task_69/ab_0_dldesign_0_best.pdb	B	231-324	4	2	232,234	H,L
/scratch/ghaedi/mab/rfantibody_b7h3_rf2_20260926/B/task_69/ab_0_dldesign_1_best.pdb	B	231-324	6	1	229	H,L
/scratch/ghaedi/mab/rfantibody_b7h3_rf2_20260926/B/task_7/ab_0_dldesign_1_best.pdb	B	227-320	5	2	229,232	H
/scratch/ghaedi/mab/rfantibody_b7h3_rf2_20260926/B/task_74/ab_0_dldesign_1_best.pdb	B	227-320	1	0	-	L
/scratch/ghaedi/mab/rfantibody_b7h3_rf2_20260926/B/task_76/ab_0_dldesign_0_best.pdb	B	227-320	1	1	229	L
/scratch/ghaedi/mab/rfantibody_b7h3_rf2_20260926/B/task_76/ab_0_dldesign_2_best.pdb	B	227-320	4	2	238,241	H,L
/scratch/ghaedi/mab/rfantibody_b7h3_rf2_20260926/B/task_76/ab_0_dldesign_3_best.pdb	B	227-320	3	2	232,238	H
/scratch/ghaedi/mab/rfantibody_b7h3_rf2_20260926/B/task_77/ab_0_dldesign_3_best.pdb	B	226-319	7	3	236,238,241	H,L
/scratch/ghaedi/mab/rfantibody_b7h3_rf2_20260926/B/task_86/ab_0_dldesign_0_best.pdb	B	222-315	1	1	229	L
/scratch/ghaedi/mab/rfantibody_b7h3_rf2_20260926/B/task_86/ab_0_dldesign_1_best.pdb	B	222-315	3	0	-	H,L
/scratch/ghaedi/mab/rfantibody_b7h3_rf2_20260926/B/task_86/ab_0_dldesign_3_best.pdb	B	222-315	3	1	241	H,L
/scratch/ghaedi/mab/rfantibody_b7h3_rf2_20260926/B/task_88/ab_0_dldesign_3_best.pdb	B	225-318	5	3	229,234,236	H,L
/scratch/ghaedi/mab/rfantibody_b7h3_rf2_20260926/B/task_94/ab_0_dldesign_3_best.pdb	B	226-319	4	2	238,241	H
